,title
420,"""8시간 자라는 말에 속고 살았어요"" 200년 만에 밝혀진 진짜 수면 시간"
144,"""가장 포근했던 여름밤처럼"" 마음이 쉬는 수면음악"
435,"""가짜수면을 하고 있어요"" 수면 전문 의사가 말하는 숙면의 기술 | 삼성서울병원 신경과 주은연 교수 X 줄리안 X 이주호 기자 [백년의 아침 3화 FULL]"
609,"""남친은 싼 거 주고 나만 바른 올리브영 수면팩 대참사 ㅋㅋ"
317,"""눈 내리는 마을"" 동화 같은 수면음악ㅣ지친 마음에 위로와 평안을.."
421,"""딱 3박자가 맞아야 잘 잘 수 있다"" 수면장애가 가져온 무서운 질병, 신경과 주은연 교수의 잠 잘자는 법｜수면장애｜명의｜#EBS건강"
525,"""밤 새는 것보다 위험해요"" 6시간 수면은 우리 몸을 '이렇게' 망가뜨립니다 (전주훈 대표)"
379,"""수고했어.. 오늘은 푹자!"" 당신을 위로하는 수면음악"
129,"""수면을 이어주는 파워가 떨어져요"""
482,"""수면의 질 나쁘면 음모론에 빠질 위험 커진다""｜지금 이 뉴스"
86,"""수면제 먹지 말고 이걸 하세요."" 과학으로 입증된 최적의 수면법 (주은연 교수 통합본)"
461,"""시간이 멈췄으면 좋겠어"" 꿈속의 우리 - 행복한 수면음악"
440,"""아름다웠던, 우리에게.."" 로맨틱한 수면음악 - 비가 오면 니가 그리워."
345,"""오늘 밤 잘 자요!"" 마법같은 수면음과 함께 1초만에 잠들어보세요! 🎵"
412,"""오늘 하루는 어땠나요"" 당신을 위로하는 수면음악 - 수고했어요,오늘도!"
431,"""원초적 본능을 따르세요"" 최근 전 세계 불면증 환자들 사이에 난리난 수면 치료법! / 뜬 눈으로 밤 새거나 중간에 깬다면 '이렇게' 하세요! / 원시인 수면법 / 건강 베스트셀러"
7,"""이때 불을 끄세요."" 수면의 질이 확 좋아지는 습관ㅣ지식인초대석 EP.33 (주은연 교수 2부)"
546,"""자기 전 핸드폰 봐도 잘 자는데요?"" 수면 측정기로 밝혀진 충격적 결과"
538,"""자다가 떨어지는 꿈, 사실은 위험한 신호였습니다 (수면의 충격적 진실)"""
384,"""자도 자도 피곤.."" 2030 불면증 극복자들의 푹 자는 법 65가지 / 수면 전문의 검증"
25,"""하루에 딱 15분만 투자하세요"" 피로 싹 없애는 수면 방법ㅣ지식인초대석 EP.116 (주은연 교수 1부)"
74,"""🌙 숙면을 위해 중간 광고를 설정하지 않았습니다."" 불면증에 좋은 부드러운 빗소리, [중간광고없음], 마음이 풀리며 깊은 수면으로 이끄는 힐링 사운드, ASMR"
628,"""🙏 Oración PODEROSA Para Dormir en Paz (Calma Tu Mente Hoy)"" #oracionpoderosa #oracióndelanoche"
484,"# 363 수면, 밤중수유 끊기(3) 시도하기 전에 이거도 미리 알아두시는 것이 좋습니다:소아청소년과 전문의 하정훈의 육아이야기(소아청소년과전문의, 삐뽀삐뽀119소아과저자)"
108,#shorts #교대근무 (수면전문의 신원철)
156,#shorts 망가진 수면패턴 되돌리기
401,#shorts 이길여 총장의 수면시간? 하루 네 시간만 잤다고?
532,#수면건강#불면증#숙면#건강상식#시니어건강##마음#건강#명언#지혜#위로#공감#인생#삶#좋은글#공감글귀#멋진글귀#50대#60대#70대#노후#노년#중년#
67,'수면명의'가 알려주는 잠 잘 자기 위한 3가지 수칙 #잠잘자는법
450,'이 시간' 만 잘자도 하루가 개운합니다 #불면증 #잠 #수면#피로
197,'이 행동' 하나로 숙면이 깨진다⁉️ 잠 못 드는 당신에게 수면의학센터장이 전하는 최상의 숙면법💤 #유퀴즈
95,100일의 기적? 아니에요!! 통잠을 만들면 안 되는 이유 #쉬운육아 #수면교육 #먹놀잠
115,10분 안에 꿀잠자는 델타파 - 델타파 수면 - 수면 주파수 - 잠박사
480,10분 이내 수면 백색소음 자장가 ASMR 빗소리 (백색소음 화이트노이즈)
75,10분도 길어..5분 안에 잠이 쏟아지는 수면영상
155,10분만에 깊게 잠드는 수면명상 | 숙면을 위한 이완명상과 수면유도 음악 | 4시간 숙면 가이드 | 불면증 해소 · 잠드는 영상 · 잠오는 음악 | 요가소년 517
31,10분안에 마취시켜주는 수면유도음악 | 잠잘때 듣는 음악
64,10분안에 잠드는 꿀잠 수면명상 [숙면을 위한 수면유도 음악]
121,"10시간 감성 수면음악 ""가을이 오면"" 🎵 잔잔한음악, 수면유도음악, 불면증음악 (Autumn Sleep)"
409,"10시간 깊은 수면음악☁잠잘오는 음악(10분후 어두운 화면)수면유도음악,불면증치료음악"
393,"10시간 몽환적인 수면음악 🎵 스트레스 해소음악, 잠잘때 듣는 음악, 불면증치료음악, 수면유도음악 (Star Sky)"
14,"10시간 수면유도음악「나를 위한 온전한 시간」🎵 위로음악, 잠잘때듣는음악 (Me Time)"
173,"10시간 수면유도음악「달빛 아래 풀밭에 누워서」🎵 불면증음악, 잠잘때듣는음악, 잠오는음악 (Me Too)"
267,"10시간 수면음악 ""다시 시작하고 싶을 때"" 🎵 풀벌레소리, 힐링음악, 불면증음악 (Fresh Start)"
199,"10시간 수면음악 ""저 냥이와 함께 주무실 분?"" 🎵 힐링음악, 꿀잠음악, 불면증음악 (Heartwarming)"
47,"10시간 수면음악 ""힘든 기억 모두 잊고, 이제 쉬자"" 🎵 수면유도음악, 잠오는음악, 불면증음악 (Forget It)"
134,"10시간 수면음악 + 빗소리 🎵 수면유도음악, 스트레스해소음악, 불면증음악, 편안한음악"
234,"10시간 수면음악「힐링 가득한 집 앞 호수에서」🎵 잔잔한음악, 잠잘때듣는음악, 불면증음악 (Lake House)"
143,"10시간 위로의 수면음악 ""그럼에도 불구하고"" 🎵 빗소리, 수면유도음악, 불면증음악 (Nevertheless)"
126,"10시간 잔잔한 수면유도음악 + 풀벌레소리 🎵 스트레스해소음악, 잠오는음악, 불면증음악 (Quiet Night)"
398,"10시간 잔잔한 수면음악 ""엘리니아 나무던전 Missing You"" 메이플스토리ost"
0,"10시간 잔잔한 수면음악 🎵 스트레스 해소음악, 잠잘때 듣는 음악, 불면증치료음악, 수면유도음악 (My Dream)"
201,"10시간 잔잔한 수면음악 🎵 스트레스 해소음악, 잠잘때 듣는 음악, 불면증치료음악, 수면유도음악 My Dream"
80,"10시간 점점 편안해지는 느린 수면음악 + 물소리 🎵 마사지음악, 스트레스해소음악, 명상음악 (Soothing Day)"
184,"10시간 편안한 수면유도음악 + 물소리 🎵 명상음악, 잠잘때듣는음악, 힐링음악, 수면음악 (Daisy)"
200,"10시간 편안한 수면유도음악 + 풀벌레소리 🎵 힐링음악, 수면음악, 스트레스해소음악 (Relax Tree)"
1,"10시간 편안한 수면음악 + 풀벌레소리 🎵 수면유도음악, 느린음악, 잠오는음악 (Angel's Dream)"
214,"10시간 편안한 수면음악 + 풀벌레소리 🎵수면유도음악, 마음이 편안해지는 음악, 불면증치료음악, 잠잘때듣는음악"
479,"10시간 편안한 수면음악 💖 스트레스 해소음악, 잠잘때 듣는 음악, 불면증치료음악, 수면유도음악 ♬ 강아지는 를 사랑해 (Dog Loves )"
96,"10시간 포근한 수면음악 ""너희와 함께해서 행복해"" 🎵 불면증음악, 힐링음악, 잠오는음악 (Way Back)"
90,"10시간 포근한 수면음악 🌙 마음이 편안해지는 음악, 불면증치료음악, 잠오는음악, 수면유도음악 (Purple Sky)"
355,10일 연속 6시간 수면? 밤 샌 것과 같음
247,"142화. 잠을 2번 나누워 자는 [이상수면, 분할수면]의 효과와 주의할 점"
552,16살 노견의 밤이 긴 이유|강아지노래|수면노래|너와함께한시간|노견이야기 A Song for Dogs
217,"1시간 잔잔한 수면음악 + 풀벌레소리 🎵 스트레스 해소음악, 잠잘때 듣는 음악, 불면증치료음악, 수면유도음악 (My Dream)"
226,"1시간 편안하고 따듯한 수면음악 🌙 풀벌레소리, 잠잘때듣는음악,불면증음악 (Lavender)"
577,206화. 침대에 오래 누워 있으면 안되는 8가지 이유!!
348,239. 어깨통증 없애는 최고의 수면자세ㅣft 부부한의사
366,2분 안에 잠드는 수면 음악 (델타파) Fall Asleep in 2 Minutes – Delta Wave Sleep Music
237,2분만에 잠드는 미국 특수부대 수면법
573,30개월 이갈이 #수면장애
413,"336화. 잠이 잘 오는 시간이 있다! ""수면창""만 알아도 불면증 탈출이 가능해요"
274,3분 안에 잠드는 수면 음악 (30분) Fall Asleep in 3 Minutes (30 Min)
116,"3시간 잔잔한 수면음악 + 풀벌레소리 🎵 스트레스 해소음악, 잠잘때 듣는 음악, 불면증치료음악, 수면유도음악 (My Dream)"
12,"3시간 포근한 수면음악 + 풀벌레소리 🎵 스트레스해소음악, 잠잘때듣는음악, 힐링음악, 잠오는음악 (Nostalgia)"
419,"4개월 아기 수면교육, 저녁 통잠 후 새벽수유는 필수│8시간통잠재우기, 새벽수유, 수면계획표│"
597,4개월 차 수면 퇴행 때문에 요즘 에너지가 너무 없네요
522,4시간만 자도 꿀잠 자는 사람들 특징
232,50일 아기들을 위한 수면교육
449,5분 안에 잠드는 수면 음악 (30분) Fall Asleep in 5 Minutes | Sleep Music (30 Min)
360,5분 안에 잠드는 역대급 수면유도음 #브레이너제이 #수면 #숙면 #수면유도 #relax
52,"5분만에 깊게 잠드는 수면유도 명상 | 숙면을 위한 7시간 수면음악, 불면증 치료 수면명상, 잠잘때 듣는 음악"
131,"5분만에 꿈나라 직행│쉬~소리+빗소리+물소리│수면교육 백색소음 │10시간 연속재생, 광고없음│whitenoise, shhh~"
273,"5분안에 잠이 스르륵 😴 느린 수면음악 + 물소리 🎵 편안한음악, 스트레스해소음악, 긴장이완음악 (Relaxing Mind)"
587,5시간 수면 vs 8시간 수면
585,"5시간 수면음악「자작나무에 기대어서」🎵 잠잘때듣는음악, 불면증음악, 깊은수면음악 (Birch Tree)"
399,8시간 수면 믿지마세요 의사가 말리는 이유 #수면 #잠 #불면증 #우울증 #불안 #꿀잠
481,"8시간 수면, 누가 정한 걸까요? [수면 도서 5권 증정 이벤트🎁]"
284,"9시간 수면을 위한 티벳 싱잉볼 연주 (222Hz) 🎵 명상음악, 차크라, 힐링음악, 수면유도, 싱잉볼 (My Mind)"
469,"ASMR(Sub✔)위로가 되는 상담 치료 롤플레잉 (수면치료) Hypnosis for Good Sleep & Mind, Body Rest"
106,Deep Brown Noise for Deep Sleep (8 Hours Black Screen)｜브라운 노이즈 숙면·집중·층간소음 화합도모
622,Deep Sleep with Peaceful Piano Music: Binh Yen Piano for Relaxation and Better Rest
615,Do THIS While Sleeping For A GLOW UP?! 😳 (easy beauty hacks) || #fashion #fyp #shorts
614,"Dr. Aaron Chapa: Fatigue, Brain Fog, and Poor Sleep Are Signs Your Body Needs Recovery"
498,EN// (도안 무료 나눔) 다이소 실로 수면 양말 뜨기 / How to knit room socks / knitting tutorial
607,EP 3 DILARANG TIDUR #drama
513,GD의 수면
629,HER FRIEND TALKS IN HER SLEEP 😭
617,INSÔNIA CRÔNICA 👉melhor remédio #psiquiatra #angola #insonia #remedio
604,Me dijeron que dormir 3 horas no afectaba y pasó esto 💀 #humor #fakeblood #fyp #fakesituation
213,"Playlist | 잠에 들고 싶을 때 듣는, 재즈💫😴 | Sleep Jazz"
535,"Relaxing Rain Sounds and Soft Piano Music for Deep Sleep, Stress Relief, and Peaceful Nights"
181,UDT 전설의 수면 장면
616,Unlock your body's secrets. God sleep & beating fatigue!
239,White Noise Rain Sound For Sleep 2 Hours
563,Zzz..(벌써 잠들어 버렸습니다) #나의두번째교과서 #잠 #호흡법 #수면유도호흡법 #운동
391,[#문과VS이과놀라운증명] 수면 부족에 시달리는 사람들 주목⚠️ 갚기 가장 어렵다는 ‘수면 부채’의 해결 방안⁉️
456,[#문과vs이과놀라운증명] 주말에 몰아서 자면 ‘수면 부채’가 청산 될까❓ 수면 부족이 주는 심각한 문제들💤
314,"[#심괴ASMR] 꿀잠 부르는 수면 유도 영상, 운전 괴담 2시간 ASMR #심야괴담회 #심괴 #어둑시니 MBC210318방송"
540,"[#어쩌다어른] (45분) ASMR 틀어놓고 자는 사람 당장 여기 주목💥 여러분들이 몰랐던 수면의 진실, 다 알려드립니다😴"
541,[#어쩌다어른] 수면을 위한 ASMR은 사실 수면을 방해한다?! 전문가가 알려주는 수면에 관련된 오해와 진실
425,[#어쩌다어른] 압도적 수면 부족 국가 대한민국💥 수면 부족로 인해 발생하는 심리적 &신체적 문제들
557,"[#어쩌다어른] 오히려 OO 생각을 해야 숙면이 가능하다!💫 의외로 불면, 악몽의 주범이라는 수면 루틴❗"
462,[#유퀴즈온더블럭] 방광 기상법? 절대 안 됩니다;;🙅 수면 VS 방광의 싸움을 직관한 수면 전문가의 황당함😅
191,[#유퀴즈온더블럭] 수면에 대한 진실 혹은 거짓❗ 눈만 감도 있어도 수면 효과가 있다고❓ S대병원 수면의학센터장이 팩트 정리해 드립니다✅
185,[#유퀴즈온더블럭] 우리는 왜 잠을 자야 하는가? S대병원 수면의학센터장이 알려주는 인간에게 수면 시간이 중요한 이유😴
330,[100일 수면교육] 아이를 일찍 재워야 하는 이유 #통잠 #수면교육 #100일아기 #아기잘재우는법 #Shorts
370,"[10시간] 브람스 피아노 자장가 연속재생 │수면음악, 숙면음악, 잔잔한 피아노 음악"
438,"[10시간] 새벽갬성 수면용 기타연주 Relaxing Sleep Guitar Music🎸잠잘때 쉴 때 공부할때 Deep Sleep, Calming, Studying Music"
207,"[2024 탈무드] 빗소리, 수면음악 찾다가 결국엔 잠잘 때 듣는 책 읽기까지 오신 분?ㅣ책읽어주는남자ㅣ오디오북"
23,"[2시간] 파리 5성급 호텔에서 깊게 잠드는 느낌, 불면증 수면유도영상 연속재생 모음"
583,[3 Hours] Deep Sleep Lofi BGM 💤 편안한 수면/명상/휴식 로파이 | Jindo & Hodu
474,"[Full 통합] 수면에 대한 고민이 있는 중장년층을 위한 수면교육 지침서 (수면 원리, 음식, 습관 완벽 종결) 신원철 수면전문의 [진짜건강]"
196,[Playlist] 잠잘때 듣는 포근한 수면 재즈 | Sleep Jazz | 3hours | 중간광고없음 | Relaxing Background Music
578,[What] 무엇이 우리의 수면을 결정하나 #수면과학 #멜라토닌 #생체시계 #꿀잠 #불면증 #수면습관 #건강정보 #뇌과학 #웰빙 #AI퓨처파이낸스랩
262,[강성태 추천] 5분 안에 반드시 잠드는 수면 음악 ASMR
339,"[광고없음] 중독 주의! 20분안에 꿀잠자는 수면유도음악🎵 고양이가 좋아하는 음악,고양이 편안한 음악,힐링음악,수면음악"
470,[꿀잠다큐TV] #수면다큐#아나운서 목소리 짱 아시아의 미스테리 '만리장성의 비밀'우리말 더빙
455,[단독] '수면마취중'에 '전신마취제' 투여…결국 식물인간 (2018.10.09/뉴스데스크/MBC)
178,[랜선건강교실] 불면증과 올바른 수면습관 - 삼성서울병원 주은연 교수
400,[멜라토닌] 멜라토닌 영양제 수면 효과 부작용 허와 실 정확하게 제대로 알아보세요
389,"[모차르트 피아노 자장가 10시간] 물소리, 중간광고 없음, 수면음악, 숙면음악"
82,[비행기 기내 소리] / 8시간 / 수면유도 백색소음 불면증 극복 / 10분 안에 꿀잠 / 1시간뒤 화면 밝기 낮아져요 / 중간광고없어요 / 서진원 소장의 바른수면 연구소
41,[비행기 기내 소리] / 8시간 / 수면유도 백색소음 불면증 극복 / 10분 안에 꿀잠 / 1시간뒤 화면 밝기 낮아져요 / 중간광고없어요 / 서진원 소장의 바른수면 연구소
396,"[섬집아기 10시간] 잠들 때 듣기 좋은 피아노 연속재생 - 수면음악, 숙면음악"
534,[세븐데이즈 투 다이:3.0] 수면보고서 | ep.13 | 블문 성공하자 | 트럭 | 설산 퀘스트 | 7DAYS TO DIE | 셉투다
21,[수면 다큐] 이번엔 달로 갑니다🌕｜45억년의 세월 동안 지구를 생명의 행성으로 만든 ‘달’｜그간 밝혀지지 않았던 달의 경이로운 비밀｜다큐프라임 달의기적｜#골라듄다큐
73,[수면다큐] 10분 만에 잠드는 인류 생존의 비밀 | 인류는 왜 우리만 생존했을까 | 오디오북
39,"[수면다큐] 135분 우주 특집🪐｜137억년 전, 우주의 탄생부터 시작해, 숨겨진 우주의 비밀을 파헤치다｜당신은.. 곧 잠에 듭니다｜다큐프라임｜#골라듄다큐"
37,[수면다큐] 우주의 끝을 찾아서
122,[수면다큐] 잠이 안 올 때 듣는 생물학 (1시간 30분)
221,"[수면다큐] 편집자도 편집하다 잠든, 본격 수면 권장 다큐 모아보기｜자기 전 틀어놓는 영상｜우주와 심해｜#골라듄다큐"
620,[수면다큐]《공룡 이전의 지구는 어떤 모습이었을까?》잠잘 때 들으면 시간순삭!
598,[수면다큐]《무(無)에서 시작된 태양계 — 어떻게 탄생했을까?》잠잘 때 들으면 시간순삭!
487,[수면다큐]《외계인이 지구에 도달하는 것이 절대 불가능한 이유》잠잘 때 들으면 시간순삭!
216,[수면명상] 하루 한번 자는동안 이 말을 반복하라 ✔️ 아주 좋은 일이 생긴다 오늘도 내일도 좋은 일이 다가온다
252,[수면전용] 최고로 잔잔한 영상만 악몽없는 순한맛 토요미스테리 (살인X공포X범죄없음)
395,[아기 낮잠 1편] 퍼버법 수면교육 | How to Get Your Baby to Nap | Ferber Method
22,[잠드뇌] 틀어놓고 꿈꾸세요
48,[잠드뇌] 틀어놓고 꿈꾸세요 (2)
30,[잠드뇌] 틀어놓고 주무세요 (1)
15,[잠드뇌] 틀어놓고 주무세요 (2)
40,[잠드뇌] 틀어놓고 주무세요 (3)
17,[잠드뇌] 틀어놓고 주무세요 (4)
4,[잠드뇌] 틀어놓고 주무세요 (5)
62,[잠드뇌] 틀어놓고 주무세요 (김형석 작곡가)
5,[잠드뇌] 틀어놓고 주무세요 (통합본)
325,[잠드뇌] 틀어놓고 주무세요 (특별편)
109,[최면 / 불면증] 잠 못 이루는 당신을 위한 꿀잠을 부르는 최면
468,[🌙수면명상] 붙잡지 마라 그저 툭 내려놓아라ㅣ자는동안 불안이 치유된다 #마음치유 #수면 #취침 #명상음악
627,ayah mau tidur malah dibawa pake tandu 😆
626,¡Un sueño le reveló un TESORO MALDITO debajo de su cocina!
621,माँ के गर्भ में बच्चा कैसे सोता है? 😴🤰 | Baby Sleep in Womb | Pregnancy Facts 3D
625,“NEVER GOTO SLEEP BUT I SAY A POWERFUL DUA “ #islamic_guidance004 #motivation #muftimenkmotivation
526,“신었더니 물에 가라앉지 않는다”수면 위를 걷게 만든 신발의 원리
386,"“저는 때를 놓치면 잠을 못 자요"""
493,※배꼽 주의※ 역대급으로 웃긴 홍김동전 멤버들의 ‘수면 위내시경’ 풀버전💤 [홍김동전] | KBS 230216 방송
259,"☀️🔋 30분 파워 낮잠으로 피로회복! 초고속 충전을 돕는 낮잠 숙면가이드 - DPST와 해파리 심상 & 낮잠 음악 [수면전문의 검수 완료, 미국 NIH 문헌기반]"
296,"☃️🚶‍♀️ 눈길을 걷다가 고요한 잠을 청하는 겨울 감성 수면 스토리 명상, 마음의 위안을 주는 겨울 동화 이야기 [BSM Level 1 - 몸과 마음의 안정]"
93,"☄️🙏 자는 동안 원하는 것이 이루어지는 잠재의식 수면 명상가이드, 원하는 것을 현실화/심상화하는 셀프토크 기법 [BSM LEVEL 3 - 긍정확언 및 자기암시]"
133,"⚛️ Ψ=∑ᵢcᵢUᵢ 오늘 밤, 모두 여기서 잠 듭니다. 멀티버스 세계에서 가장 완전한 숙면에 들어보세요. 5시간 30분 수면 & 다중 우주 앰비언트 음악 [기상 알람 없음]"
202,"⛅️⏰ (60분 후 알람有) 수면 부족한 날! 낮잠용 파워 숙면가이드, PMR 기법 응용 & 지우개 명상 [BSM Level 1 - 신체 이완 및 입면 유도]"
124,✈️x🧠 여름 휴가 어디로 모실까요? 밤 비행기 일등석 & 수면단계별 OLAS 뇌파 동조 사운드의 결합 - 누적 3000만 뷰 이상 인기 시리즈간 콜라보 [기상알람 없음]
161,"✈️💤 기내 방송 없는 고요한 별밤 비행, 실제 기내 백색 소음과 수면을 돕는 최적의 사운드 with 10,000m 상공에서 비행기 1등석 숙면여행 [90분 숙면 블록]"
315,✈️💤 연말 밤... 잠은 제가 책임질게요. 유럽 5개국 상공을 날며 저공 순환비행하는 VIP 1인실 숙면여행 - 비행기 수면 사운드 & 유럽 밤하늘 백색소음 [기상 알람 X]
58,✈️💤 영국발 항공편 기내 1등석에서 숙면하세요! 수면을 돕는 9시간 비행기 백색소음 with 5개국 상공을 지나가는 무착륙 국제관광비행 테마 (기상 안내방송 1회 有)
286,"✨⭐️ 깊은 잠이 솔솔 오는 수면 스토리 명상 (별자리 여행 가이드 2편), 마음이 편안해지는 수면 피아노 음악과 느낌 회상 기법 [BSM Level 1 - 심신 안정, 회상]"
311,"✨⭐️ 마음이 안정되어 숙면을 취하는 별자리여행 수면 스토리 명상 (사자자리/처녀자리/천칭자리 편), 별자리에 관한 추억이 있으시다면 강추! [BSM Level 1 - 정서 안정]"
429,✨수면 다큐✨라고 생각하고 들어왔다가 재미있어서 밤새는 과학 다큐｜100만 분의 1의 확률로 다른 피부색을 가지고 태어난 쌍둥이｜유전자의 비밀｜다큐프라임｜#골라듄다큐
180,"✨😴 다음날 최상의 컨디션! 9시간 숙면 & 수면 관리 가이드, 아우토겐 트레이닝 수면 명상 버전 (알람 2회 有) [BSM Level 1 - 수면 관리 및 자율신경 안정]"
321,❗️수면 ASMR 들으면 안 되는 이유❗️
612,【寝かしつけ神グッズ】背中じゃなくて「おなかスイッチ」対策！？
36,"【부모4.0】수면 교육 성공하는 엄마 vs 실패하는 엄마, 결정적인 차이는? #삐뽀삐뽀119 #하정훈 #shorts"
187,가장 좋은 수면 자세
536,강아지가 자는 자리로 읽는 속마음 8가지 #강아지수면자세 #강아지심리 #반려견
511,강아지가 좋아하는 음악🐶💖강아지 수면 음악 20시간🐶🎵강아지 분리불안 걱정 없는 힐링 음악🎵강아지 스트레스 해소를 위한 피아노 음악🎵외출할때 출근할때 꼭 틀어주세요 by 힐링메이트
503,같이 살아도 수면 습관 안 맞을 수 있다! 불편한 잠자리 일찍 병원 가보세요. #NewsAsia #shorts
568,고래가 수면 위로 점프하는 이유
531,고려대학교 뇌공학과 교수님이 설명하는 좋은 잠이 중요한 이유! #Shorts #뉴스 #유튜버 #수면음악 #고려대
182,공부하면서 잠드는 수면 다큐의 끝🌙 시공간은 휘어있다 천재가 밝혀낸 우주의 비밀｜상대성이론 총정리｜아인슈타인｜다큐프라임｜#골라듄다큐
566,공유수면의 자유~! #바다수영 #오픈워터 #태안종단
439,"공황장애, 불안감을 해소하는 1분 가이드 #bsmr #수면 #숙면"
499,구속영장 기각됐지만…박 지사 정치적 부담 ‘수면 위’ / KBS 2026.08.31.
595,귀여운 감자 인형 부수면 $1000 (150만원)
362,"근심과 걱정을 없애주는 수면음악, 편안한 명상음악 'starlight falls'"
596,글라스아트 독서곰 수유등•수면등 만들기 #공예 #공방 #glassart #수유등 #수면등 #원데이클래스 #출강
194,기절하듯 푹 자고 싶을때 틀어보세요 (수면영상 3시간)
162,기절하듯 푹 자고싶을떄 전 이 영상을 틉니다... zzz | 수면영상 2시간 토요미스테리
282,"깊은 수면에 좋은 잔잔한 빗소리, 불면증 10분내로 해결, 백색소음 자장가"
266,"깊은 수면을 위한 피아노 모음 🎵 수면유도음악, 잠잘때 듣는 음악, 불면증치료음악, 잠오는음악"
107,깊은 수면이 필수인 이유!
117,깊은 잠 만드는 5분 근력 운동! 안 깨고 푹 자고 싶은 분들은 꼭 따라하세요 | 주은연 삼성서울병원 신경과전문의 | 불면증 숙면 근력운동 | 인생질문 301회
136,꼭 해보세요! 해외에서 난리난 1초만에 잠드는 방법!
516,꿀잠 도와주는 K-수면템 l #어서와한국은처음이지 l #MBCevery1 l #shorts
556,"꿀잠상담소 153] 수면제 2주 먹었는데, 중독된 걸 까요?"
608,꿀잠을 망치는 의외의 '이것'?! #shorts
506,꿀잠의 비밀: 과학이 밝혀낸 최적의 수면 조건! | 다큐S프라임 [반복재생]/YTN 사이언스
485,꿀피부 만드는 수면 골든타임은? 🌙✨
91,나도 10분안에 기절하듯 자고싶어서 만든 수면영상 (범죄사건 모음집)
18,나도 모르게 스르르 깊은 잠에 빠지는 수면 유도 명상 (불면증 해소 · 잠 오는 영상 · 이완명상) | 요가소년 406
140,"나만의 별장에서 듣는 10시간 수면유도음악 🎵 마음이편안해지는음악, 불면증음악 (Hometown)"
442,나의 적정 수면 시간을 알 수 있는 간단한 방법 #위대한수업 #명강의 #수면 #꿀잠 #숙면
153,나의 적정 수면량 알아보는 방법
324,나이가 들면서 점점 잠자는 시간이 줄어드시나요? #수면 #수면장애 #노화 #노년기
501,나이들면 잠이 짧아지는 이유.수면전문의 주은연교수의 해답
476,나홀로 즐기는 밤 온천 asmr | 야외 목욕탕 분위기 | 편안한 수면을 위한 소리
459,"남들 보다 다이어트 어려운 나, 혹시 나도 수면무호흡증?"
581,남편은 꿈에서 덱스가 됐다? ㅋㅋ #Shorts #웃긴영상 #수면 #잠버릇 #꿈속질주
445,"낮과 밤이 바뀐생활.. 수면리듬 되돌리고싶어요.ㅣ수면장애, 손홍석 의사."
246,내 건강을 지키는 수면 시간 / 서울대병원 신경과 정기영
510,내시경 직접 해보고 리뷰 - 수면과 비수면의 차이 [대신리뷰]
241,내용은 몰라도 10분 안에 잠이 솔솔.. 목소리만 들으세요
6,"너무 편해서 잠이 솔솔 오는 10시간 수면유도음악 🎵 편안한음악, 잠잘때듣는음악, 불면증음악 (Timeless)"
542,노화를 늦추고 싶다면 피부보다 먼저 ‘수면’을 관리해야 하는 이유
319,놀라운 장원영의 수면시간 #관리자님잘생겼어요 #다이소깡 #관리자님추천뜨게해주세요 #아이브 #알고리즘 #kpop #ive #알고리즘떠라
488,뇌 건강은 수면의 질이 결정? 수면이 뇌에 끼치는 영향😴 [옥탑방의 문제아들/Problem Child in House] | KBS 260828 방송
349,뇌 노화 늦추는 '최적 수면 시간' 잘못 자면 '심장 질환'에 치명적? / KNN
92,뇌과학 교수님이 알려주는 꿀잠자는 법 네 가지
289,뇌과학 박사가 아이돌을 재우면 생기는 일
249,뇌과학자의 추천 수면시간 #국립중앙과학관 #뇌과학 #수면
517,"뇌를 쉬게 하는 마법 같은 1분 빗소리 🌧️ 수면, 휴식, 백색소음 #shorts"
558,누가 침대에서 뭐 먹으래요? #자는자세 #자는순위 #수면자세 #잠자는자세 #순위매기기 #병맛 #병맛영상 #웃긴영상 #코미디 #개그 #상황극 #공감 #쇼츠 #shorts
88,누워서 듣기만 하세요 10분안에 깊은 수면에 빠집니다
149,누워서 하는 20분 수면 명상 | 마보 나이트 루틴
209,단 30분 투자! 깨끗한 뇌를 유지하는 필수 습관 | 수면 뇌건강 불면증 @sleepdoctor1 | 인생질문 291회
600,단아한 한복차림으로 검은 리코더를 부는 고궁의 여인 #relax
504,당신이 몰랐던 우주의 신비 | 수면 다큐멘터리
603,더는 못 하겠어요
599,도서한컷: #내인생구하기 /수면리듬회복: #살찌지않는몸
336,"동양풍수면음악+빗소리 Relaxing Sleep Music, Meditation Music, Stress Relief Music, Deep Sleeping Music"
561,동절기 수면 타공 작업: 곡괭이를 활용한 결빙 구역 원형 절단 및 채집 과정 #winterwork #icebreaking #pickaxe #manualwork
545,듣기만해도 스르르 잠이오는 옛이야기|수면영상|잠이안올때|잠잘오는영상|귀가심심할때|집안일할때|불면증치료|꿀잠자고싶을때|오디오북
414,"듣다 보면 나도 모르게 잠들어 있는 빗소리 수면음악 🌧️ (불면증 종결) - 5분 만에 기절, 잠 못 드는 당신을 위한 선물, 힐링 음악 광고 없음"
203,듣자마자 기절할수 있어요- 수면유도음악-5분후 화면 꺼짐-잠 잘때 듣기 좋은 음악🌙
138,"듣자마자 떡실신하는 수면유도음악 (+빗소리) ☁ 잠들때 듣는 음악, 잠오는 음악, 불면증 치료 음악, 편안한 명상음악, 힐링음악, 스트레스 해소 음악"
292,듣자마자 떡실신하는 수면유도음악│7시간 연속│중간광고없음│잠안올때 듣는 음악│잠잘때 듣는 음악│수면교육연구소 힐링음악 명상음악
160,들으면 눈이 무거워지는 수면영상 2시간 토요미스테리 (내용은 아무도 기억 못합니다)
411,등센서를 없애는 수면교육
233,락티움이 수면에 도움된다던데 부작용은 없나요? #Shorts
114,"렘수면은 꿀잠? 수면 구조 그래프로 알아보자! | 건강함의 시작, 몸의 대화 body talk EP.6"
530,마음에 평화를 주는 수면유도 델타파 Sleep-inducing Delta Wave That Gives Peace Of...
426,"마음의 스트레스를 풀어주는 수면음악, 휴식음악, 명상음악🕯 'with a warm light'"
248,"마음의 힐링을 위한 수면음악☁잠잘때 듣는음악,불면증에 좋은음악,힐링음악 - ""눈 오는 밤"""
335,"마음이 편안해지는 수면음악☁, 잠잘때듣는음악 'Hug me'"
307,"마음이 편안해지는 시간☁침실에서 듣는 수면음악,잠잘때 듣는 음악,불면증 치료 음악"
417,"마음이 편안해지는 클래식피아노 10시간 모음 수면,명상,휴식,공부,요가 [중간광고없음]"
515,마음이 평온해지는 건강 힐링 음악 | 깊은 수면을 위한 소리
16,"만성피로, 수면부족을 위한 최고의 휴식법 | 요가 니드라, 낮잠 30분, 수면명상"
224,"머릿속 생각 스위치를 끄는 숙면 이완 호흡명상 수면 테라피, 8시간 숙면 가이드 | 사각 호흡, 박스 호흡, 4-7-8 호흡, 수면 음악 | 요가소년 559"
478,먹자마자 바로 잠드는 수면 영양제 ?? 신경과 의사가 말하는 멜라토닌의 진실 !!! [식물성멜라토닌/직구제품/먹는 방법까지 총 정리]
195,멜라토닌 드실 때 이걸 꼭 알아두세요 #건강 #수면 #숙면
219,몇 시간을 자야 개운할까? - 적정수면시간 (강동경희대병원 신원철 교수)
353,모두가 놀란 유재석 수면 습관
290,"몸과 마음이 따듯해지는 치유음악 🎵 수면유도음악, 물소리, 편안한 음악, 명상음악 (Lotus)"
550,물고기는 수면 밖에서 얼마나
346,반드시 잠드는 놀라운 요가 명상 (불면증 해소 · 수면 유도 · 잠 오는 영상) | 20분 요가니드라 | 요가소년 102
100,반복되는 불면! 잠 안 온다면? 이 혈자리만 기억하세요!
424,밤 11시에 무조건 자야 하는 이유 🩸 (혈액 청소 골든타임)
519,밤마다 깨는 이유 자기전 이 습관 때문입니다 #수면 #숙면 #건강정보
593,밤에 자꾸 깨는 진짜 이유! 낮잠·취침 시간·수면 시간 #shorts
529,밤에 자다 깨서 화장실 간다면? '이 병' 의심하세요. #야뇨 #수면무호흡증 #건강정보
189,밤에 잠이 안 오면 수면유도제를 먹어도 될까? | 의학 전문채널
492,밤에 쥐를 예방하는 올바른 수면 자세🛌
172,밤은 깊어가는데 잠은 오지 않고.. 수면음악은 효과없고.. 잠잘 때 듣는 동화가 역시 꿀잠을 부르지 😴ㅣ중간광고 없는 오디오북ㅣ책 읽어주는 남자
594,백정 놈이 역병을 퍼뜨렸다 #옛날이야기 #오디오북 #수면동화 #민담 #전설
364,분리 수면에 좋은 아기 자장가 🧸 포근한 자장 친구와 함께 잠드는 시간
602,분리수면은 로망입니다..(독립잠의 보통 현실)
382,"불면증 2주 만에 고친 비법, 수면의학 전문가의 솔루션｜귀하신 몸｜#EBS건강"
502,불면증 만드는 최악의 습관 Top2 #불면증 #수면장애 #잠안올때 #불면증극복 #수면습관 #수면루틴 #숙면 #새벽에깨는이유 #수면건강 #한의원 #한의학
101,"불면증 수면장애, 잠자기 전 5분! 약없이도 꿀잠 자는 마시지-잠안올때 머리멍할때 스르륵 깊은잠 자는 뇌혈류개선+교감신경 부교감신경 불균형 해소에 효과 짱 #불면증없애는법"
452,불면증 수면장애를 이기는 방법 5가지
288,불면증 원인 과학적으로 설명해드립니다
83,"불면증 치료, 이런 방법도 있습니다 #shorts"
55,불면증 해소를 위한 수면 유도 이완 명상 | 30분 요가니드라 | 요가소년 123
113,불면증! 잠이 너무 안온다면? 이것 하나만 해보세요! 확 개선됩니다!
318,"불면증, 잠이 안 와도 계속 누워 있어야 할까?"
383,불면증? 바로 잠듭니다. 딱! 1분만
3,"불면증에 좋은 최고의 빗소리 10분이내 수면 백색소음 자장가 ASMR | Rain Sounds For Sleeping, White Noise"
334,"불면증에 직빵, 딱 1분 잠오는 마사지! 수면제 안먹고 푹 잠잘 수 있습니다. #수면장애 #수면부족 #만성피로 #불면증치매 #잠안올때 #잠잘자는방법 #숙면하는방법"
87,불면증에 직빵인 영양제 5가지 #불면증 #숙면 #수면 #영양제 #꿀잠
376,불면증으로 수면 시간이 너무 불규칙해요... #Shorts
297,붙이는 수면테이프 효과 있을까?
402,"브람스 피아노 자장가 1시간 반복듣기 (힐링음악, 수면음악, 자기 전 듣기 좋은 피아노)"
591,"비오는 석류나무 초가집 빗소리 ASMR | 처마 빗소리와 새소리, 편안한 자연의 소리"
588,비오는 폭포 꽃정원 초가집 빗소리 ASMR | 폭포수·새소리와 함께하는 편안한 자연의 소리
410,"빠른 육퇴를 위한, 수면거부/지연 극복 가이드라인"
230,사람마다 다른 수면시간! 나는 몇 시간 자면 될까? [이그노벨상읽어드립니다 EP.04-2] | 김경일 교수&김태훈 교수&이윤형 교수
313,새벽3시에 다시 잠드는 의외의 방법#건강 #수면장애 #수면팁 #50대 #당뇨 #60대 #수면
357,새벽에 깰 때 이렇게 하면 바로 다시 잠듭니다!ㅣ통잠 자는 법ㅣ닥터딩요
215,생각이 많아 불면증에 효과적인 수면명상ㅣ 수면유도 명상가이드 [싱잉볼 음악]
569,생각이 많은 밤엔 꼭 보세요 #말맛 #수면 #문가영
475,생활이 가능한가 ㄷㄷ 심각하다는 아이돌 수면 시간
277,"성공률 96%, 2분만에 잠드는 법"
19,수면 내시경 중에 깬 환자가 한 말은? #수면내시경 #대장내시경 #위내시경
9,수면 다큐🪐 우주의 탄생부터 현재까지 (해설: 원호섭) [빅 히스토리]
489,수면 루틴 되찾기 ⛈️ 폭우 빗소리 ASMR로 몰입과 숙면
436,"수면 마취 중 사고, 알고 보면 ‘이것’ 때문이다? - 이경석의 척추88 #38"
406,수면 부족 시 나타나는 질환?!
390,수면 부족 자가 진단법🛏 #shorts #KBS #아침마당 #토크 #건강 #수면 #수면부족 #자가진단 | KBS 230622 방송
586,수면 부족에 봉인 해제된 아이돌 특: 침대를 박살 낼 때까지 멈추지 않음 #에이티즈 #ATEEZ #아이돌 #파자마파티 #대환장파티
367,수면 부족은 어떻게 근성장을 방해할까
554,수면 부족이 다이어트에 끼치는 영향
63,수면 습관 제때 하면 쉽다-생후 6주부터
365,수면 시간 부족하면 머리 아픈 이유 #편두통
523,수면 아래에서 즐기는 무중력 체험
521,"수면 위 5미터로 날아가는 미사일, 미 해군도 식은땀 흘리는 원리"
565,수면 위로 올라온 '야욕'…MAGA 노리는 '트럼프 충성파' 헤그세스 [지금이뉴스] / YTN
329,수면 유도 명상 + 수면음악 + 기상알람 (불면증 해소 · 잠 오는 영상 · 이완명상) | 7시간 숙면 가이드 | 요가소년 447
150,수면 유도 영상은 사실 수면에 도움되지 않는다? #어쩌다어른
447,수면 임플란트로 심한 구토반사 극복! 치과 기구만 닿아도 헛구역질 나던 환자의 14개 식립 성공기
486,수면 장애가 의심되는 증상❓ 돌연사까지 이어질 수 있는 수면 장애의 심각성😴 [#건강함의시작몸의대화]
437,수면 전문의 “노화를 부르는 최악의 수면 습관”
463,수면 전문의가 말하는 눕자마자 잠드는 방법
119,수면 전문의가 매일 아침 스마트워치로 체크하는 '3가지'ㅣ지식인초대석 EP.117 (주은연 교수 2부)
574,수면 하나에 기술을 몰빵한 미친 아이디어
166,수면과학 연구소의 숙면 유도 음악 (30분) Sleep-Inducing Music by the Sleep Science...
158,"수면교육 준비, 0~2개월 아기의 수면시간과 수면의 특징, 몇시간 자야 정상?"
441,수면내시경 의사를 당황하게 하는 환자들 (갑자기 돌변하는 이유)
373,수면마취 수백번 해본 경험담.. 솔직하게 말씀드립니다
103,수면마취로 5초 버티기
539,수면무호흡에 마운자로?
422,"수면무호흡증, 방치하면 사망할 수도 있다? / YTN 사이언스"
257,"수면무호흡증, 코골이를 고치면 만성병도 함께 : 닥터U의 '코골이 완치훈련'"
302,수면부족이 위험한 이유 #건강 #수면 #숙면
562,수면부족이 혈당까지 높여버리는 이유 #혈당관리 #수면 #불면증
220,수면시간의 중요성
331,수면시간이 6시간 이하여도 괜찮을까? | 매튜 워커 박사 조로건 인터뷰 (Dr. Matthew Walker interviewed by Joe Rogan) #joerogan
275,"수면에 확실하게 도움이 되는 478 호흡법 | 불면증 치료, 478호흡법, 꿀잠자는 방법, 수면에 도움되는 방법, 478 호흡법 단 번에 익히기 | 하이맵의원"
567,수면유도 ASMR 같은 한동훈 스터디윗미 라방
169,수면유도 명상
223,수면유도 명상 22 - 메따(metta) 명상 (Loving-kindness meditation)
256,수면유도 명상 23 - 힐링 명상 (meditation for melting subtly)
222,수면유도 명상 24 - 감사 명상 (Gratitude meditation)
264,수면유도 명상 25 - 내면 미소 명상 (Taoist inner smile meditation)
152,수면유도 명상 27 - 플로팅 명상 (Floating meditation)
174,수면유도 명상 28 - 용서 명상 (Forgiveness meditation)
111,수면유도 명상 29 - 수용 명상 (Radical acceptance meditation)
139,수면유도 명상 30 - 긍정확언 명상 (Positive affirmations)
120,수면유도 명상 31 - 뇌신경계 이완 명상 (종합)
225,수면유도 명상1 - 뇌신경계 이완 (교근)
130,수면유도 명상11 - 내부감각 명상 (복부 - 장)
218,수면유도 명상12 - 아우토겐 명상 (6단계)
326,수면유도 명상13 - 내부감각 명상 (심장 박동)
157,수면유도 명상15 - 자기연민 명상 (Self-Compassion Meditation)
142,수면유도 명상4 - 요가 니드라 (바디 스캔) 명상
260,수면유도 명상6 - 호흡명상 (아랫배)
278,수면유도 명상8 - 평온함을 위한 시각화 명상 (산 + 호수)
251,수면유도 명상9 - 점진적 이완 명상 (PMR + 호흡 훈련)
51,"수면유도 빗소리 5분뒤 화면꺼짐(2h) 잠 잘오는 숙면 빗소리asmr, Rain sounds, 불면증완화"
177,수면유도제 고르기
281,"수면율 99.99% 💤 - 10분안에 마취되는 수면유도음악 - 치유, 이완, 스트레스 해소, 불안한 감정 해소, 명상"
46,"수면음악, 빗소리 보다는 마법같은 동화 마법에 빠진 듯 깊은 수면에 빠져듭니다!🌙 잠잘 때 듣는 책이 깊은 수면에 좋습니다ㅣ광고 없어서 중간에 깨지않음ㅣ오디오북ㅣ책읽어주는 남자"
43,수면음악도 아니고 이렇게 잠이 오기는 처음이네요! 그리스 로마 신화 [신화의 숲] 들으니 마음이 편해지고 세상이 평화롭습니다!ㅣ중간 광고없는 오디오북ㅣ책 읽어주는 남자
380,수면의 진실 #놀라운증명
555,수면의 질을 높이고 싶다면 혈당부터 안정시켜야 합니다 #한형선박사 #음식치유 #한국푸드닥터교육원 #ECM행복수
508,"수면장애 이러면 낫는다 EP2) ""ASMR 듣지 마세요."" 푹 자는 사람들의 한 가지 결정적인 특징 / 이유진 서울대학교병원 정신건강의학과"
79,수면전문가가 추천해준 잠잘오는 최고의 빗소리ㅣ10분후 검은 화면ㅣ불면증 이석 이명증 해결ㅣ빗소리 백색소음 ASMR
81,수면제 뚝! 집에서 불면증 극복 수면장애 없애는 법. 잠이안올때 불면증 치료 음악 ASMR 백색소음보다 깊은잠 솔솔~ 꿀잠자는법 숙면하는법(불면 환우에 공유해주세요) #불면증치료
78,수면제 원리 알려드립니다
154,수면제와 수면유도제 차이점은?
405,수면패턴 60분 토론
188,수색대원이 잠을 못 자는 이유
446,"수유량에 따라 월령별로 달라져야 하는 수면교육│통잠과 낮잠 비율, 수면VS수유 중 우선순위, 통잠을 방해하는 요소│"
533,수지의 수면 시간을 듣고 걱정하는 유재석 #뜬뜬 #핑계고
212,수학적으로 가장 개운하게 일어나는 방법을 알려드립니다 (feat. 김재경 교수) [취미는 과학/ 57화 확장판]
159,"숙면으로 안내하는 수면 유도 가이드 명상 | 불면증, 수면장애 해소 | 바디스캔 ･ 호흡명상 ･ 이완명상 ･ 요가니드라 ･ 수면 음악 | 요가소년 525"
287,"숙면을 위한 수면명상, 불면증 치료, 꿀잠, 법상스님의 수면유도 명상가이드, 수면유도음악"
512,"숙면을 위해 돈을 쓰는 시대 , 슬립맥싱! /신한투자증권"
388,숙면을 위해서는 당장 이것을 그만둬야 합니다. #멜라토닌 #수면영양제 #불면증 #세로타민 #슬립비 #노인불면증 #이시형박사
70,숙면하는 방법 💤 10분안에 꿀잠자는 바디스캔 명상 | 수면 명상 가이드 ・ 불면증 해소
104,"스르륵 잠드는, 자연수면 유도 방법 [예일대 이시형 박사]"
623,스타워즈에서 실제로 가능한 과학은 무엇일까? 포스·드로이드·외계행성·우주여행 수면다큐
372,"스트레스 해소와 마음의 안정을 주는 기적의 수면음악 🎵 널 위한 힐링음악,잠잘때 듣는 음악,불면증 치료 음악"
576,"시아버지 노름판을 뒤엎은 며느리, 알고 보니... #야담 #옛날이야기 #민담 #수면동화 #오디오북"
397,아기 수면교육 고민중이라면 꼭 봐야하는 영상 (feat. 애셋 수면교육한 소아과맘)
254,아기수면교육은 언제부터 해야할까요?
619,"아내가 자는 줄 알았는데, 너무 무서웠어요! #웃긴영상 #먹방 #웃긴커플"
309,"아니, 수면마취가 안됐다니까요!! #shorts #아는형님"
404,"아름답고 잔잔한 릴랙싱 한국 피아노 모음 1시간 - 수면음악, 숙면음악, 자기 전 듣기좋은 피아노"
547,아이돌이 건강검진 중 수면마취로 팩트체크 당하는 순간 ㅋㅋ #에이티즈 #ATEEZ #WANTEEZ #아이돌 #건강검진
505,아이들 수면이 무너지면 뇌는 자라지 않습니다 #뇌움한의원
20,아침이 달라지는 효과적인 수면법! 5시간 파워 숙면 뇌파소리!할 일이 많은 날 고효율 5시간 숙면!
265,"안아야만 자는 아기, 어떻게 재울까? 잘 자는 아기로 키우는 올바른 수면교육 방법 l 신생아 육아 · 밤중 수유 · 졸음 신호 · 먹놀잠 · 모로반사 · 속싸개 [육아똑똑똑]"
305,어린이집 자장가 1위 음악 아이들이 좋아하는 수면 취침 음악 꿀잠 자는 마약같은 뮤직입니다. 브람스자장가
543,"억만장자의 수면 도우미, 월급 650억 원 채용 면접"
269,"역대급 효과! 기절 수면 음악 (+ 갓벽 빗소리)🎵 딥슬립 100%, 중간에 안 깨요, 잡념이 사라지는 밤"
582,"영화에서 그냥 지나쳤던 과학 이야기들, 마션부터 스타워즈까지 9시간 몰아보기 수면다큐"
34,"오늘 밤 꿀잠을 위한 수면유도 명상 | 수면명상, 수면유도음악 30분, 바디스캔 명상"
351,"오늘 하루는 어땠어요? 감성 수면음악 + 빗소리 🎵 수면유도음악, 불면증치료음악, 잠오는음악 (Stand)"
168,"온몸의 긴장이 스르르 풀리며 숙면하는 7시간 수면 명상 | 불면증 해소를 위한 바디스캔, 수면 음악, 숙면 가이드 | 요가소년 556"
163,왔다 내 수면제💊 편집자는 한 번도 이 영상을 끝까지 본 적이 없습니다. 고퀄리티 심해 수면 다큐｜다큐프라임｜#골라듄다큐
592,왜 잠을 못 자면 다음 날 더 피곤하고 집중도 잘 안 될까요
374,요즘 2030이 꼭 점검해 봐야 하는 수면 습관 / 스브스뉴스
579,우리가 모르는 수면 내시경 중 벌어지는 일들...
179,"우리가 알고 있는 수면 상식, 진짜일까?🤔 수면의학센터장이 알려 주는 잠에 대한 진실😴 #유퀴즈"
483,워치가 알려주는 수면 점수는 과연 진짜일까?
378,원하는 시간에 잠 드는 방법 (남용금지)
471,"위내시경, 수면 VS 비수면 당신의 선택은?"
528,육아 질 상승! 진작 쓸 걸 후회하는 밤 수면 필수템
418,응급 수술 많은 의사의 하루 수면 시간 #송석원
473,이 쇼츠 보면 그대로 잠드세요! 총 3000만 조회수의 NASA 회복 숙면사운드 시리즈
590,이렇게 주무시나요? 심장 전문의가 경고합니다 — 밤에 뇌졸중 위험이 더 높아질 수 있습니다
575,이미숙이 먹는 멜라토닌은? 60대에도 푹 자는 수면 관리법 #이미숙 #멜라토닌
601,"인간의 뇌, 천천히 알아보기 | 수면을 위한 편안한 과학 다큐멘터리"
453,자고 나면 허리가 아픈 이유? 수면 자세부터 확인하세요 #shorts
524,자고 일어나면 허리가 아픈 이유 올바른 수면 자세
432,자기전 '이곳' 10초만 누르면 수면제 먹은듯 금방 잠들어요 #10초수면스위치 #불면증 #꿀잠
564,자꾸만 잠에서 깨는 진짜 이유를 확인해보세요. #수면 #불면증 #수면무호흡 #야간뇨 #코골이 #수면습관 #건강정보 #건강관리
572,자네 빛보다 빠른 수면을 본 적이 있나?
27,자다가 컥! 수면무호흡증 양압기 치료
537,자다가 코골이 때문에 깨는 이유 코골이 심해지는 음식 #수면습관 #코골이 #건강정보 #생활정보
176,자도 자도 졸린 사람?
148,"자도 자도 피곤한 당신을 위한 처방약 💊 최적의 수면 시간을 ""수학적으로"" 찾는 방법 알려드림｜틀어만 놔도 잠이 오는 수면 과학｜불면증｜카페인｜교대근무｜취미는 과학｜#골라듄다큐"
434,자장가 브람스 아기수면음악 ♫ 자장가 오르골 어린이 ♫ 수면음악 연속듣기 ♫ 아기자장가노래 ♫ 유아자장가 수면유도음악
407,자장가(lullaby) 브람스( Brahms)아기수면음악 ♫오르골 (Orgel) ♫ 수면음악♫공부음악♫SleepingMusic♫Lullabies For Babies
509,"자장가보다 훨씬 효과적인 실제 빗소리의 힘 | 깊은 수면 | 스트레스, 걱정까지 비워내세요"
464,잠 깨워주고 심박수까지 측정…'슬립테크'가 뜬다 [MBN 뉴스7]
551,잠 못 자는 분도 10분이면 잠들까? 박람회에서 10분 수면실험 해봤습니다
102,잠 못 자는 분들 많으시죠? 잠 잘 자는 꿀팁! #박문호 #불면증 #수면
448,"잠 못 자면, ‘진짜 살 안빠진다’"
128,잠 못자면 겪게 되는 끔찍한 신체 변화 #당필지 #뇌과학 #수면 #렘수면 #수면부족
416,잠 안 올 때 꿀팁 알려준다 #불면증
460,"잠 안 올 때 듣는 최고 효율 수면음악... 기절 수면 유도 (98.99%가 잠듭니다) 🎵 숲속의 밤, 생각을 멈추게 해줘, 듣자마자 뇌가 쉬는 음악"
549,잠 안 올 때 초보 VS 고수
375,잠 안올때 대처법
340,잠 잘 오는 귀지압법 10초면 끝! #수면 #수면유도 #건강정보 #건강관리 #지압 #불면증
24,잠 잘 오는 빗소리 - 부드러운 빗소리와 5분후 어두운 화면으로
322,"잠 잘 자는 법! 불면증, 수면 부족이신 분들은 꼭 보세요."
472,잠 제대로 안 자면 이렇게 됩니다 #shorts
520,"잠으로 현실 도피, ""도피 수면""의 악순환"
71,잠은 얼마나 자야 할까? 적정 수면 시간은? #shorts
76,잠은 왜 자야 할까? | 🥱 헉! 잠을 안 잤더니! | 새근새근 쿨쿨 💤 vs. 잠 자기 싫어요 | 큐리큐리송 | 호기심동요 | 주니토니 | JunyTony
118,잠을 설치는데 명상이 도움 될까요? #법륜스님 #명상 #수면
89,잠을 자야 하는 이유 #당알지 #박문호박사
394,잠을 줄이면 가장 먼저 망가지는 능력｜정작 본인은 모릅니다
29,잠이 보약이라고 하는 이유
263,잠이 솔솔.. 10분 안에 잠드는 꿀잠 수면 재즈 (중간광고 없음) | Sleep Jazz
300,잠이 안 올 때 도움이 되는 영양제도 있나요? #Shorts
477,잠이 안 올 때 순식간에 잠드는 법
337,"잠이 안 올 때, 이것만은 꼭 해보세요! - 분당서울대병원 정신과 윤인영 교수 (前 대한수면학회 회장) #수면 #불면증 #이완요법 #수면루틴 #Shorts #브레이너제이"
507,잠이 안 와서 뒤척이시나요? 연구에서 확인된 수면 음식 3가지 ✅영상 속 제품은 구매링크를 눌러 주세요
50,"잠이 안오신다면, 바로 해보세요 #불면증 #불면증극복 #불면증개선 #수면유도 #송도한의원 #나은내일한의원"
444,잠이 안올때 눌러주는 혈자리 Dr. Alan Mandell#수면유도 #수면혈자리#잠이오지않을때
53,잠이 이렇게나 중요합니다
255,잠이 잘오는 숲속의 빗소리 l 5분후 어두운 화면
514,"잠잘 때 양말, 신는 게 좋을까 벗는 게 좋을까? #양말 #수면건강 #숙면 #건강상식"
361,잠😴 많이 자면 피부가 좋아질까요❓#잠 #수면시간 #피부관리
54,잡생각 없애고 10분안에 기절하듯 자려고 만든 수면영상
11,적정 수면시간은 먹는 음식에 따라 바뀝니다
377,적정수면시간이 7시간인 이유
584,전설의 수면 냉XX
465,전쟁통에도 2분 만에 잠드는 미군 수면법 #수면 #건강 #건강정보
198,정목스님이 알려주는 꼭! 자야 하는 잠 #정목스님 #수면 #불면증
258,제발 자고 싶을때 이거 틀면 10분 안에 눈이 무거워지는 수면영상
611,제발… 잠은 😴7시간만 주무세요! (feat. DNA 바사삭)
589,종가집 며느리 명절 생활 #민담 #명언 #history
392,"좋은 꿈꾸는 수면음악🌹, 치유음악, 편안한음악 'Rosy’"
368,중간 수면값 따져보면 답은 나옵니다
544,지디 수면습관에 놀란 유재석
127,진료실에서 허리/목디스크 환자들에게 알려주는 수면자세😴
77,천둥 번개 빗소리 - 1시간 깊은 수면 불면증 개선 잠 잘오는 빗소리
192,천만원짜리 매트리스 아니어도 10분안에 잠이 솔솔 오는 수면영상
613,천재들의 수면 루틴 세가지
500,체력이 좋은 사람들은 수면 환경부터 관리합니다 | 엠마슬립
403,최고의 빗소리 #불면증 #숙면 #수면빗소리 #꿀잠 #빗소리asmr #스트레스해소 빗소리ASMR Rain sounds healing sounds
354,"최고의 수면 유도 음악🎵행복해지는 수면음악,당신의 밤을 위한 잔잔한 수면음악😴마법같은 수면음악"
85,최현우의 마법 최면 💤 | 수면 숙면 최면 | 8시간 어두운 화면
560,충분한 수면은 집중력과 기억력의 필수조건 #수면
238,"캐논 피아노 자장가 10시간 연속재생(중간광고X) 수면음악, 숙면음악, 자기 전 듣기좋은 음악"
186,클릭하면 바로 쓰러집니다 조심하세..토요미스테리 수면영상
261,틀어놓고 주무세요 (클라라 주미 강)
298,"틀어두면 즉시 잠 오는 산 빗소리, [중간광고없음]10분후 검은화면, 틀자마자 기절 숙면 💤 즉시 잠 오는 깊은 산속 빗소리, 불면증 즉시 탈출, 즉시 숙면 ASMR"
605,판도라 같은 행성은 정말 존재할 수 있을까? 영화 아바타 속 과학 수면다큐
243,편안한 수면을 위한 빗소리와 찬송가 피아노 BGM ⎮ 방에서 듣는 빗소리 ⎮ sleep with worship piano ⎮ 숙면 불면증 치료 집중
495,편안한 숲속의 빗소리 #빗소리수면음악
606,편하지만 최악의 수면 자세 6가지
467,평일 피로! 주말에 몰아서 수면?! 피로 안 풀립니다!
164,푹 자고 싶다면 그 잠을 확보해라! #박문호 #불면증 #수면
293,피곤해 죽겠는데 잠 안 오는 이유 [#지혜의 다락방]#이지향약사
276,피로가 풀리는 적정 수면시간
415,하루 3시간 수면... 교대근무자 뇌 검사에서 밝혀진 충격적 변화 | KBS 시사기획 창 20150428 방송
610,하루 3시간 수면의 진실
347,하루 7시간 이상 자야 하는 이유 여기 다 있다! | 만병의 근원 수면 장애! 망가진 수면 패턴 사망률까지 높인다? | 명의 | #EBS건강
146,"하루의 끝, 편안한 침실에서 듣는 수면음악☁잠잘때 듣는 음악,불면증 치료 음악,수면유도음악"
137,하룻 밤에 듣는 세계사를 들으니 교양도 쌓이고 꿀잠까지 들어버렸습니다!🌙 잠잘 때 듣는 책이 깊은 수면에도 좋고 마음이 풍요로워지네요!ㅣ중간 광고없는 오디오북ㅣ책 읽어주는 남자
206,허리 박살나는 최악의 수면 자세
363,허리에 좋은 수면 자세
451,허리통증 치료되는 수면자세 이방법만 따라하세요!! 통증이 싹 없어집니다!!
553,헬스장에서 삼각대를절대 부수면 안되는 이유
32,현대인의 적정 수면 시간은 얼마일까?🛌ㅣ신경과 전문의 장민욱ㅣ유민상의 배고픈 라디오
494,혈관 질환을 부르는 위험한 수면 습관은? (우울증도?)
571,효율적으로 잠자는 방법 #shorts #이슈 #뉴스 #건강상식 #수면
624,흉가에 얽힌진실 | 야담 | 민담 | 옛날이야기 | 수면동화 | 오디오북
242,🌊😌 오늘 밤은 하와이 해변으로 떠나요! 해먹에 누워 시원한 잠을 청해보아요 - 하와이섬 프라이빗 해변 & 수면 피아노 음악과 파도 소리 [기상알람 없음]
84,🌌 t=𝜏C 상대성이론으로 초-회복 수면하세요. 5시간 자고도 9시간 잔 것 같은 우주 시공간 수면실 & 우주 앰비언스 음악 [기상 알람 없음]
227,🌌🌙 열기구 타고 꿈속 여행하세요! 몽환적인 수면 음악과 실제 열기구 & 밤하늘 백색소음을 경험해보세요 - 밤하늘을 날며 열기구 숙면여행 콘셉트 [기상알람 1회]
167,🌔😌 임상연구 기반 불면증 완화 & 수면의 질 높이는 슬로페이스 호흡법 + 구름 위를 날며 별빛 아래 잠드는 숙면여행 테마 [과학 임상논문 7편 참고]
570,🌙 [수면 ASMR] 오늘 하루도 참 수고 많았어요.
548,🌙 건강한 수면은 단순히 오래 자는 것뿐 아니라 수면 시간대와 규칙성도 중요합니다.
433,"🌙 매일 밤, 잠들기 전 스마트한 수면 습관! 숙면운동요법 이용 안내 & 꿀팁 - 건강한 숙면 방법 (필 시청!)"
491,🌙단 5분 스르르 잠에 빠져요 수면유도음악 -5분후 화면 꺼짐 -잠 잘때 듣기 좋은 음악-중간 광고 없어요
344,🌙듣자마자 스르르 꿀잠 재워드릴 수면유도음악 -5분후 화면 꺼짐 -잠 잘때 듣기 좋은 음악
208,🌙브람스 자장가 | 베베핀 자장가 | 아기수면음악🎵 #꿀잠친구 | 잔잔한 보컬 버전 | 베베핀 Bebefinn - 키즈 인기 동요
145,🌙💤 효과 빠른 수면 유도 & 수면의 질 개선 숙면가이드 - OMM & 바디스캔 명상 + 나만의 아늑한 숲속 별장으로의 숙면여행 테마 [과학 임상논문 20여편 기반]
135,🌙🦉할 일이 많은 날 고효율 4시간 숙면!🤗 4시간 파워 숙면 뇌파소리 + ⏰알람 5회 포함
45,"🌜💤 몇 시간을 자든, 숙면 골든타임 90분은 꼭 챙기세요! 스탠퍼드大 수면 연구진의 숙면하는 황금법칙 기반 첫번째 수면사이클 뇌파 동조화 사운드 (기상알람 없음)"
110,"🌜😴 최적의 꿀잠습관 만들기 7시간 30분 수면 관리 가이드, 중력 수면 명상 버전 (알람 3회 有) [BSM Level 1 - 숙면 유도 및 수면 관리]"
183,🌞다음날이 상쾌한 뇌파숙면!🔋 한국인 적정 수면 사이클에 맞춘 7.5시간 파워 숙면 뇌파소리 + ⏰알람 5회 포함
244,🌞💤 과학적으로 검증된 가장 효과적인 낮잠시간 10분 파워냅 + 낮잠에 최적화된 수면단계별 뇌파 동조화 수면 사운드 - 10분 낮잠사이클 버전 & 기상알람 1회 (연구 논문 기반)
42,🌟불면증에 효과적인 뇌파소리 | 숙면델타파 2.0hz '회복수면' + 장작불소리 | 2.0hz EEG + Calm Fire Sound
28,🌠😌 돌아온 수면 유도ㅈ... 온몸의 긴장이 풀리고 10분 안에 잠이 와요. 미국 네이비씰 수면법 기반의 중력 명상 가이드 & 앰비언트 수면 음악 [수면전문의 검수 완료]
527,"🌧️🔥 🌧️ 빗소리 + 잔잔한 피아노 수면음악 | 깊은 잠, 불면증 완화, 휴식, 명상 | Cozy Puppy & Fireplace"
496,🌳😌 오늘 밤 당신의 천연 회복 수면제! 피톤치드 숲 백색소음과 몽환적 수면음악 #bsmr #수면 #숙면
580,🌼합방 수면! 건강히 오래 유지하는 비결!
369,"🌿천연 수면제 빗소리, 잠잘때 듣는음악 | 불면증 수면유도 insomnia rainsounds sleepasmr rainsoundforsleep"
343,"🎅🏻💤 잠들기 전, 댓글로 소원을 남겨보세요. 핀란드 산타마을에서 6시간 소망 숙면 - 크리스마스의 수면 재즈 캐롤과 벽난로 장작불소리 & 앰비언스 수면 사운드 [기상알람 없음]"
387,🎋😪 꿀잠을 방해하는 주변 소음 차단! 숲 속 사운드 & 팬플룻 음악 with 청정 대나무숲으로의 숙면 테마 여행
618,🎧 지금 이어폰 있다면 20초만 들어보세요… 머릿속이 조용해지는 시간 🌙 #shorts
341,🎮💤 잠이 온ㄷ... 마음이 녹아내리는 마인크래프트 세상 속 호숫가 별장 & 게이밍 수면 사운드 [기상알람 없음]
350,"🎼🐳 숙면으로 들어가는 단계를 돕는 수면 음악(중간 광고 없음), 고래 소리와 깊은 바닷속 앰비언스 사운드 버전, 입면 직후 수면의 90분 골든타임을 잡으세요!"
72,"🏅📝 기적의 두뇌 효율 만드는 6시간 수면 관리 가이드, 장시간 파워 숙면 for 수험생, 공시생 (알람 3회 有) [BSM Level 1 - 숙면 유도 및 수면 관리]"
60,"🏅📝 적게 자도 숙면하세요! 4시간30분 수면 관리 가이드, 장시간 브레인 파워냅 for 수험생, 공시생 (알람 3회 有) [BSM Level 1 - 숙면 유도 및 수면 관리]"
13,🏆140만🏆허리 건강을 위한 올바른 수면 자세 #허리디스크
423,🏩🎄 뉴욕 최상급 청정호텔에서의 숙면 with 수면 재즈캐롤과 청정공기 백색소음 - 하와이 마우나케아급 청정산소가 나오는 바이러스안심 스위트룸 [모닝콜 없음]
285,"🐳💤 혹등고래가 당신을 포근하게 잠 재워줘요. 깊은 수면을 돕는 혹등고래의 자장가와 최고퀄리티 심해 백색소음, 앰비언스 수면음악 - 신비로운 심해세상으로 숙면여행 [기상알람 없음]"
193,"👉 ""❌ 나쁜 수면 자세 vs ✅ 건강한 수면 자세"""
358,👨🏻‍🚀💤 우주비행사처럼 초-회복 숙면하세요! NASA 수면실 시리즈의 후속편 - 바이탈 싸인 모두 회복되는 화성 최첨단 회복실 & 하이퀄리티 수면 사운드 [기상알람 2회]
61,"👨🏻‍🚀🔋 최첨단 해저 수면실에서 6시간 회복 숙면하세요! NASA 시리즈의 해저 편 - 오래 잔 듯, 가득 충전되는 최첨단 회복실 & 하이퀄리티 수면 사운드 [기상알람 없음]"
294,👨🏾‍🚀💤 눈 떠보니 우주... 9시간 최첨단 숙면하세요! NASA 수면실 시리즈의 후속편 - 바이탈 싸인이 회복되는 화성 최첨단 회복실 & 하이퀄리티 수면 사운드 [기상알람 X]
65,👩‍🚀🌖 달기지 최첨단 수면실에서 9시간 회복 숙면하세요! 몸과 마음의 누적된 피로를 회복하고 재충전을 돕는 NASA NAP 9시간 ver. 수면 전문 사운드 [기상알람 1회]
228,👩‍🚀💤 우주비행사처럼 낮잠 주무세요! NASA의 26분 낮잠 연구: 각성도 54% UP & 업무성과 34% UP [기상알람 1회]
10,"👩‍🚀🔋 NASA 최첨단 수면실에서 6시간 회복 숙면하세요! 오래 잔 듯, 가득 충전되는 생체에너지 회복실 - NASA NAP의 밤잠 버전 [기상알람 1회]"
38,"👩‍🚀🔋 NASA 최첨단 수면실에서 6시간 회복 숙면하세요! 오래 잔 듯, 가득 충전되는 생체에너지 회복실 - NASA NAP의 밤잠 버전 [기상알람 1회]"
44,👩🏼‍🚀🔋 부족한 잠 보충해요! NASA 최첨단 해저 수면실에서 9시간 회복 숙면 - 에너지를 가득 재충전하는 최첨단 회복실 & 하이퀄리티 수면 사운드 [기상알람 없음]
205,"💖😴 부정적 생각, 감정 없애고 기분 좋게 숙면하세요-! 삶의 긍정적 변화를 극대화하는 하버드의대 논문 기반 자애명상 숙면가이드 & 앰비언트 수면 음악 [의학적 검수 완료]"
312,💗💤 마음이 금세 안정되고 편안한 잠에 들어요. 깊고 고요한 수면을 돕는 수면단계별 심박 동조화 사운드 - 90분 수면사이클 버전 & 기상알람 없음 (연구 논문 기반)
210,"💙💤 우울, 무기력 잠재우고 근본 숙면하세요! 3단계 호흡공간 명상과 자기수용에 대한 셀프헬프 명상인지치료 & 앰비언스 수면 음악 [임상 논문 10편 기반, 의학적 검수 완료]"
268,"💜🎆 잠에 들며 답답한 마음과 울화가 정화되는 숙면 명상가이드, 자면서 치유하는 PMR & 순환 명상법 with 싱잉볼 사운드 [BSM LEVEL 2 - 감정 정화 및 치유]"
559,💤 10분 만에 곯아떨어지는 마법의 수면 루틴! 불면증 원인인 '스트레스 호르몬' 잡고 숙면 취하는 법 🛡️
270,"💫🌌 잠이 잘 오는 바디스캔 수면 명상가이드, 불면증 개선에 도움되는 우주 명상과 무중력 감각 인지요법(심상기법) [BSM Level 1 - 심신 안정 및 수면 유도]"
371,📱💤 나는 깊게 잘 잘까? 이제 AI로 수면 측정해보세요. 의학적으로 정확도 높게 검증된 한국산 AI 슬립트래커?! [숙면으로 성공적인 하루를 보내는 법 - 슬립트래커 편]
56,"🔇💤 8시간 방해 없이 푹~ 주무세요. 아련한 피아노 수면 음악과 브로드밴드 수면 사운드 - 시원한 여름밤 시골집 마루에 누워 8시간 숙면여행 [논문 근거 기반, 기상알람 없음]"
356,🔋 초고속 피로회복 돕는 20분 커피냅 낮잠가이드 | 집중력과 각성도를 극대화하는 주간졸음 완화전략 + 낮잠 뇌파동조 사운드 [영국 러프버러대학 논문기반]
141,"🔮💤 ""Omnino Sanatus!"" 지나간 일 다 잊고 숙면하세요. 깊은 잠에 빠지는 7시간 마법 숙면 - 고대 마법사의 방 & 몽환적 수면 음악과 마법 사운드 [기상알람 없음]"
204,"🔮😴 근본적으로 숙면하세요. 잠에 대한 사회적 기준과 강박관념, 불안을 해소하는 마음챙김 인지요법 가이드 & 몽환적 수면사운드 [수면관념해소 Session 1]"
443,🔴 5분만에 잠들기 - 잠 잘 오는 부드러운 빗소리 / 블랙스크린 24H / 수면에 최적화된 부드러운 빗소리 ASMR
342,"🔴 당신을 5분만에 잠들게 할 부드러운 빗소리 | 수면과 휴식을 위한 자연의 백색소음 | 자장가, 불면증 완화, 깊은 잠, 집중력 향상"
123,"🕳️ 잠에 들며, 우주의 비밀을 깨우치다. 블랙홀과 시간지연, 상대성이론｜잠잘 때 듣는 30분 우주 수면 다큐 [UNIST 물리학 교수 자문·감수 완료]"
301,"😌🌌 당신의 밤을 지켜줄게요. 불안/우울한 마음 치유하며 편안히 잠드는 ""꼭 껴안기"" 숙면 가이드 - DPST/PMR과 심상명상 & 네오클래식 수면 음악 [임상 논문 8편 기반]"
428,"😌🌠 혁신적인 숙면을 경험해보세요. 유튜브 역사상 최초, 암호화된 수면 음악 - 2Hz 등시성 사운드 & 모스부호 기반 뇌파동조 수면 유도 [미지의 우주 행성, S-470]"
99,"😌💚 잠에 들며 공황장애, 불안장애의 치유를 돕는 수면 명상가이드, 하루 1번씩 들으며 공황장애, 불안증 극복하는 훈련! [BSM Level 2 - 정서 안정 및 잠재의식 치유]"
211,"😌💤 지우다 보면 아침이에요. 300만명이 인정한 수면유도 및 근긴장, 통증완화에 도움되는 지우개 심상 명상가이드 & 앰비언스 수면음악"
310,"😌💦 신경질, 예민함을 없애주는 잔여긴장 해소법 수면 명상가이드, 습관적 긴장증에 기인한 조기 불면 증세 완화 [BSM Level 1+2 - 신체 긴장 이완 및 수면 유도]"
454,"😪 과학적으로 입증된 코골이 & 수면무호흡증 완화 구강근기능요법 가이드, 하루 10분씩 꾸준히 따라 해보세요! [숙면운동요법 MFT - 구강부 근육 기능 회복]"
33,😪잠 못자는 사람 주목!😪꿀잠 잘 수 있는 꿀팁 알려드립니다! #박문호 #숙면 #권장수면시간 #당알지
35,😪재생의 뇌파소리 | 2.0 Hz 델타파 - '회복 수면' | 2.0 Hz EEG
518,😪👍 숙면하는 가장 근본적이고 확실한 6가지 방법! 당연하지만 잘 지키지 않는 수면 규칙들 w. 클리오닉의원 정미나 원장 [불면을 이기는 세상의 모든 방법 - 수면위생 편]
327,"😪💜 고생한 당신, 오늘 밤 초고속으로 재워줄게요! 유튜브 역사상 최초, 암호화된 수면 음악 - 2Hz 등시성 사운드 & 모스부호 기반 뇌파동조 수면 유도 [몽환적인 자운의 섬]"
112,"😪💤 3분 안에 꿀잠으로.. 하버드의대 출신 박사(Dr.Weil)의 478 호흡 기법 by 브레이너제이, 불안증 & 불면증 완화 [BSM Level 1 - 심신안정 및 입면 유도]"
408,"😪💤 [30분 숙면 블록] 깊은 수면을 돕는 사운드, ""나""를 위한 맞춤 숙면 가이드를 직접 만들어보세요 (재생목록에 추가하여 이용하기!)"
333,"😪💤 [60분 숙면 블록] 깊은 수면을 돕는 사운드, ""나""를 위한 맞춤 숙면 가이드를 직접 만들어보세요 (재생목록에 추가하여 이용하기!)"
171,😪💤 나른나른.. 졸려요... 온천수에 피로를 풀며 6시간 회복 숙면 - 알프스 마터호른이 보이는 최상급 스파 호텔 & 릴렉스 피아노 음악과 온천수 사운드 [기상알람 없음]
235,😪💤 잠이 잘 오는 美국립수면재단 추천 4-7-8 호흡가이드 with 정확한 호흡 리듬 & 업그레이드된 수면 사운드 구성 [BSM Level 1 - 심신안정 및 수면 유도]
271,"😪💤 취침 전 15분 루틴으로 수면의 질이 달라져요. 비염, 코막힘, 천식, 무호흡증 개선과 편안한 숙면을 돕는 부테이코 호흡 가이드 & 잔잔한 피아노 수면음악과 백색소음"
490,"😲 결국, 수면문제로 고생했던 제가... 6년 만에 결심했어요."
457,"😴 당신의 수면 도우미로 신을 섭외했습니다⚡｜그리스 로마 신화 (1부) | 깊은 밤, 이야기"
59,😴 생각·잡념을 즉시 잠재우는 인지과학적 숙면가이드 | ADHD를 위한 인지셔플 및 구름심상 수면 명상 [루크 보두앵 박사 문헌 기반]
497,"😴8시간 기절하는 수면유도음악😴 잠잘때 듣는 음악, 모닥불 소리, 광고없음, Sleep Music, Campfire Sounds, No Ads"
229,😴⏰ Worth a try! 깸 없는 깊은 잠을 돕는 15분간의 Imagery & 비움 명상 + 에메랄드빛 청명한 호수로의 숙면여행 테마 [기상체조 알람 1회 포함]
253,"😴⏰ 밤샘/야근/교대근무하는 날, 3시간 파워 보충잠 주무세요! 복부 및 괄약근 근육이완법(PMR) & 앰비언트 수면 음악 - 3시간 후 기상 알람 2개 [임상 논문 14편 기반]"
352,"😴☔️ 생각이 끊어지며 편안한 잠에 드는 빗소리와 시골 자연의 소리, 분주한 도시를 떠나 시골집으로의 짧막한 휴가 여행 (To. 바쁜 도시 생활에 지친 이들을 위하여)"
151,"😴☘️ 공황장애, 불안감 해소하고 근본 숙면하세요! 마음챙김과 수용 훈련, 안전함에 대한 자기암시를 결합한 셀프헬프 명상인지치료 & 앰비언스 수면 음악 [임상 논문 8편 기반]"
97,"😴✈️ 10,000m 상공, 비행기 1등석에서 딥슬립하세요! 조용한 기내 소리와 수면을 돕는 최적의 사운드 with 6시간 동안의 밤 비행기 숙면 여행 (기상알람 1회 有)"
66,"😴✈️ [사운드 보완] 밤 비행기 1등석에서 딥슬립하세요! 실제 기내 소리와 수면을 돕는 최적의 사운드 with 10,000m 상공에서 비행기 숙면여행 (기상알람 1회 有)"
430,"😴⭐️ 깊은 잠에 들며, 과거 정리와 새 출발을 돕는 고효율 수면 관리 가이드, 올해는 당신의 해! [BSM Level 2+3 - 내면 정화와 긍정 암시]"
8,😴빠르게 깊은 잠에 드는 뇌파 소리 | 1.8 Hz 델타파 - '8시간의 꿈 없는 잠' | 1.8 Hz EEG
68,"😴수면사이클에 기반한 최적의 6시간 수면관리 🏆수험생, 공시생을 위한 6시간 파워 숙면 뇌파소리 + ⏰알람 5회 포함"
26,"😴🌀 잠 잘 오는 중력 명상 & 바디스캔 수면 명상, 브레이너 제이의 과거 최고 인기 콘텐츠 [BSM LEVEL 1 - 수면 유도 및 자율신경 안정]"
427,😴🌈 숙면과 함께 자신감을 높이고 희망적인 내일을 만드는 7시간 30분 자기암시 수면명상 & 수면 관리 가이드 (알람 3회 有) [BSM Level 3 - 잠재의식 긍정화]
272,"😴🌖 꿀잠을 부르는 밤하늘 비행 수면 스토리 명상, 잠이 안 올 때 도움되는 의식의 흐름 기법과 심상 기법 [BSM LEVEL 1 - 마음의 안정 및 입면 유도]"
304,"😴🌟 잠에 들며 내면의 상처를 치유하는 수면 명상가이드, 숙면 최면 효과 - 내면의 빛(Inner Light)으로 떠나는 심상 여행 [BSM LEVEL 2 - 감정 치유]"
316,"😴🌧️ 130년의 시간을 거슬러 궁궐 안에서 숙면하세요. 동양풍 수면 음악(국악)과 브라운노이즈 빗소리 - 왕의 휴식처, 경복궁 향원정에서의 6시간 숙면여행 [기상알람 없음]"
299,"😴🎯 수험생/공시생의 숙면과 목표 달성을 돕는 7시간 PPI 수면관리 가이드 - 취침 전 10분의 자신감 극대화 및 멘탈 강화 루틴, 긍정 마인드셋 [연구 논문 10편+ 기반]"
295,"😴🎯 시험, 면접 등 중요한 일정을 앞두고 계시다면, 66일 잠재의식 변화 & 6시간 수면관리 가이드를 이용해보세요! (알람 3회 有) [BSM Level 3 - 목표 달성]"
332,"😴🎯 중요한 시험이나 면접을 앞둔 사람들을 위한 66일 잠재의식 변화 & 4시간반 수면관리 가이드, 이미지트레이닝과 긍정확언(셀프토크) 기법 [BSM Level 3 - 목표 달성]"
291,"😴🐳 숙면을 위한 바닷속 여행 수면 스토리명상, 물 속 앰비언트 사운드와 고래소리 심상 가이드 [BSM Level 1 - 마음의 안정과 수면 유도]"
175,"😴💓 잠에 빨리 드는 마법! 숙면을 위한 체온 유도 수면 명상가이드, 심부 온도를 낮추고 심박을 안정시키는 호흡 명상 [BSM Level 1 - 입면 유도 및 심신 안정]"
308,"😴💖 깊은 잠에 들며 내면을 치유하는 보이스 요가 수면 명상 (Narr. 보이스 힐러 이송은), 소리 명상과 사운드 테라피 [BSM Level 1+2 - 정서 안정, 내면 치유]"
303,"😴💙 잠에 들며 우울증, 무기력증을 치유하는 수면 스토리 명상가이드, 우울증 개선에 도움되는 셀프헬프북 컨셉의 오디오 버전 [BSM Level 2 - 심리 치유 및 감정 정화]"
165,😴💤 깸 없이 푹~ 주무세요. 근본적인 숙면을 돕는 취침 전 15분의 비움 연습 - 세계 최초 영국 OMF와 공동개발 중인 마음챙김 불면증 인지치료의 일부 내용 [제이의 PICK]
49,😴💤 언제 잠든 지 모르게.. 수면 유도와 심신 안정에 효과적인 4-7-8 호흡 가이드 - 미국 국립수면재단과 CNN 등에서 추천하는 대표적인 수면유도 호흡법 & 사운드테라피 음악
306,😴😪 오늘은 깨지 말고 푹~ 주무세요! 깊고 안정된 숙면을 돕는 수면단계별 호흡율 동조화 & 안정화 사운드 (영상 및 사운드 업그레이드 버전 & 기상 알람 없음)
381,"😴😪 유튭 역사상 최초! 깊고 안정된 숙면을 돕는 수면단계별 호흡율 동조화 & 안정화 사운드, 실제 수면 호흡 소리 with 건강한 배우자와 함께 숙면 테마 (기상알람 1회 有)"
250,"😴🥇 수험생/공시생의 숙면과 목표 실현을 돕는 6시간 PPI 수면관리 가이드 - 취침 전 10분의 멘탈강화 루틴, 시험 마인드셋 최적화, 자신감 극대화 [연구 논문 10편+ 기반]"
94,🙆🏻‍♂️ 올바른 수면 자세: ' 팔을 올려서 주무시나요?' ㅣ팔을 내려서 수면을 취해야하는 이유
279,🚀🌖 달로 향하는 우주선 안에서 깊은 잠 주무세요. 고품질 우주선 수면 사운드 및 7.5시간 후 도착 안내방송 포함 [우주 숙면여행 시리즈① - 멀어져 가는 지구를 바라보며]
283,"🚂😴 이보다 더 졸릴 순 없어요.. 스위스 특급열차 1등석에서 숙면하는 기분, 잠을 부르는 수면 피아노 음악과 기차 백색소음 - 스위스 알프스에서 8시간 숙면여행 [기상알람 1회]"
236,"🛌🏻💤 2억 수면 시간을 책임져온 숙면늘보 '솜니', 오늘 밤도 푹- 재워줄게요. 창밖으로 눈 내리는 겨울 밤의 소리 & 고요한 침실 앰비언스 [기상 알람 X]"
125,"🤦‍♂️💤 오랜 불면증도 잠재워요. 취침 전 15분의 자율훈련(AT) 숙면가이드 - 미국수면의학회 권장 만성불면증, 피로 개선 등에 도움되는 아우토겐 트레이닝 & 사운드테라피 음악"
328,"🤰🏻💖 오늘 밤 만큼은 아무 걱정마세요. 임산부를 위한 최적의 8시간 수면관리, 정서안정과 내면치유를 돕는 수면 명상가이드 [BSM Level 1/2 - 몸과 마음의 안정과 치유]"
385,"🥰💖 자는동안 자존감 향상 & 잠재의식 변화 명상가이드, 자존감을 높이는 수면 독백 및 스토리 명상 [BSM Level 3 - 잠재의식 변화]"
98,🥱 8분 만에 예민한 신경을 다 꺼버리는 신경과학적 숙면가이드 | HSP 초민감자를 위한 소마틱스 수면 명상 및 이완 암시 [미국 플로리다대 교수 최초 개발]
231,🥱 [내 맘대로 설정 가능] HSP 초민감자의 예민한 신경을 다 잠재워버리는 신경과학적 숙면가이드 | 소마틱스 수면 명상 및 이완 암시 (9시간 업그레이드 버전)
280,"🥱💤 불안하고 신경과민한 날, 빠르게 수면을 돕고 심신안정 시켜줄 이마 딥프레싱 & 잔잔한 호숫물 백색소음, 15-30분 낮잠가이드의 장시간 버전 (기상알람 X)"
147,🥹 너덜너덜해진 마음을 잠재우는 숙면 가이드 | INFP·ENFP를 위한 ACT기반 자기돌봄 수면 명상 [임상 논문 12편 기반]
170,"🧙💤 ""Dormi Cito!"" 마법사가 당신을 잠 재워드립니다. 수면을 부르는 강력한 마법과 몽환적 수면 음악, 마법 백색소음 - 위대한 마법사의 성으로 숙면여행 [기상알람 1회]"
245,🧠 잠 자면서 기억력 향상되는 6시간 숙면 + 6시간 학습 사운드 | 수면 중 기억 강화 TMR 뇌파 동조 [최신 신경과학 및 임상논문 10편 기반]
190,🧠x🫀x🫁💤 그 어느 때 보다 깊고 빠르게... 수면단계별 뇌파-심박-호흡 통합동조 수면 사운드 - 오픈루프 90분 수면사이클 버전 & 기상알람 2회 [임상 논문 5편 기반]
69,🧠x🫀x🫁💤 이런 걸로 잠이 온... 수면단계별 뇌파-심박-호흡 통합동조 9시간 수면 사운드 - 오픈루프 90분 수면사이클 버전 & 기상알람 없음 [임상 논문 5편 기반]
57,🧠💤 1번째 수면싸이클 안정화를 위한 수면단계별 뇌파동조 & 핑크노이즈 사운드 [90분 숙면블록]
466,🧠💤 2번째 수면싸이클 안정화를 위한 수면단계별 뇌파동조 & 핑크노이즈 사운드 [90분 숙면블록]
359,🧠💤 3번째 수면싸이클 안정화를 위한 수면단계별 뇌파동조 & 핑크노이즈 사운드 [90분 숙면블록]
458,🧠💤 4번째 & 기상 직전 마지막 수면싸이클 안정화를 위한 수면단계별 뇌파동조 & 핑크노이즈 사운드 [90분 숙면블록]
338,🧠💤 두뇌 최대 절전 모드에서 숙면하세요! 수면 유도 사운드 & 앰비언트 음악 with 아늑한 동굴 속으로의 겨울잠 테마 여행
132,"🧠💤 유튜브 최초, ""미주신경 활성화"" 숙면법! 이제 불면과 작별하세요. 횡격막 호흡법과 무애착 마음챙김 명상 & 네오클래식 수면 음악 [시그니처 숙면여행, 신경과학 원리 기반]"
2,🧠💤 최상의 숙면을 경험하세요. 깸 없는 깊은 잠을 돕는 수면단계별 뇌파 동조화 수면 사운드 - 90분 수면사이클 버전 & 기상알람 2회 (연구 논문 기반)
323,"🧬😴 깊은 잠에 들며 면역력을 높이는 장 마사지 & 순환 명상 숙면가이드, 체내 혈액순환과 면역계 안정화에 도움 줄 수 있음 [BSM Level 3 - 순환 및 긍정 강화]"
320,"🪄😴 ""Ut Omnia Potestis!"" 간절한 소망을 빌며 숙면하세요! - 북유럽 신비한 마법의 숲 & 몽환적 수면 음악과 마법의 숲소리 [기상알람 없음]"
105,"🪸💤 모든 근심 없이 재워줄게요. 유튜브 역사상 최초, 암호화된 수면 음악 - 2Hz 등시성 사운드 & 모스부호 기반 뇌파동조 수면 유도 [내면의 심해바다]"
240,🫀💤 생각이 끊어지며 스르르 잠이 와요. 수면 힐링애니 감성의 몰랑거리는 두쫀쿠 나무늘보 공장 수면실 & 잔잔한 수면 피아노 음악 [기상 알람 없음]
